member_casual,avg_duration
member,12.415231817351284
casual,22.629553225774963