start_lat,start_lng,nr_of_rides
41.892278,-87.612043,50947
41.880958,-87.616743,30750
41.90096039,-87.62377664,22074
41.911722,-87.626804,19311
41.8810317,-87.62408432,18802
41.91,-87.63,16609
41.86722596,-87.61535539,16462
41.926277,-87.630834,15613
41.89,-87.63,15371
41.886976,-87.612813,15241